{
  "339772388566892546": {
    "items": {
      "silver": 80533,
      "seal": 990,
      "saloon_token": 5026,
      "gold": 14,
      "diamond": 1
    },
    "weight": 22.205,
    "maxWeight": 500
  },
  "997313362998333540": {
    "items": {
      "silver": 1614000
    },
    "weight": 161.4,
    "maxWeight": 500
  },
  "1082867940501749760": {
    "items": {
      "seal": 360,
      "silver": 2046188,
      "saloon_token": 4999,
      "wheat": 23489,
      "honey": 62,
      "cattle": 14,
      "gold": 32,
      "diamond": 1
    },
    "weight": 265.614,
    "maxWeight": 500
  },
  "1426344797421047838": {
    "items": {
      "silver": 50,
      "saloon_token": 5
    },
    "weight": 0.005,
    "maxWeight": 100
  },
  "1035158628920995860": {
    "items": {
      "silver": 550,
      "saloon_token": 5
    },
    "weight": 0.055,
    "maxWeight": 100
  }
}