{
  "1426344797421047838": {
    "xp": 7,
    "level": 2,
    "lastMessageTimestamp": 1762839664581
  },
  "339772388566892546": {
    "xp": 1107,
    "level": 11,
    "lastMessageTimestamp": 1762893808169
  },
  "1082867940501749760": {
    "xp": 1086,
    "level": 16,
    "lastMessageTimestamp": 1762887055235
  },
  "536016231547797534": {
    "xp": 18,
    "level": 0,
    "lastMessageTimestamp": 1762481463099
  },
  "614865048426250285": {
    "xp": 16,
    "level": 0,
    "lastMessageTimestamp": 1762484404250
  },
  "457889145105285132": {
    "xp": 23,
    "level": 0,
    "lastMessageTimestamp": 1762485776254
  },
  "1425264215454777364": {
    "xp": 10,
    "level": 1,
    "lastMessageTimestamp": 1762490057110
  },
  "997313362998333540": {
    "xp": 494,
    "level": 6,
    "lastMessageTimestamp": 1762874955612
  },
  "1421925413592240219": {
    "xp": 15,
    "level": 0,
    "lastMessageTimestamp": 1762535347797
  },
  "875935355327643689": {
    "xp": 40,
    "level": 0,
    "lastMessageTimestamp": 1762900847456
  },
  "1367287656945287178": {
    "xp": 41,
    "level": 0,
    "lastMessageTimestamp": 1762783090631
  },
  "1035158628920995860": {
    "xp": 10,
    "level": 1,
    "lastMessageTimestamp": 1762841339551
  },
  "1291798801417506912": {
    "xp": 38,
    "level": 0,
    "lastMessageTimestamp": 1762885608767
  },
  "1351327887944450072": {
    "xp": 46,
    "level": 0,
    "lastMessageTimestamp": 1762885629736
  },
  "1371290385653170297": {
    "xp": 25,
    "level": 0,
    "lastMessageTimestamp": 1762896288138
  }
}