[
  {
    "targetId": "339772388566892546",
    "targetTag": "gomezfy_",
    "totalAmount": 232000,
    "contributors": [
      {
        "id": "1082867940501749760",
        "tag": "sampson46",
        "amount": 200000
      },
      {
        "id": "1426734768111747284",
        "tag": "🚨 Sheriff",
        "amount": 32000
      }
    ],
    "createdAt": 1762781967389,
    "updatedAt": 1762839972524
  },
  {
    "targetId": "1426344797421047838",
    "targetTag": "_redgirl2",
    "totalAmount": 8000,
    "contributors": [
      {
        "id": "1426734768111747284",
        "tag": "🚨 Sheriff",
        "amount": 8000
      }
    ],
    "createdAt": 1762839972538,
    "updatedAt": 1762839972538
  }
]