{
  "parties": {
    "expedition_1082867940501749760_1762840012379": {
      "leader": "1082867940501749760",
      "members": [
        "1082867940501749760"
      ],
      "duration": 36000000,
      "startTime": 1762840012379,
      "endTime": 1762876012379,
      "dmSent": {},
      "channelId": "1427343878993739786",
      "rewardsGiven": false
    }
  },
  "1082867940501749760": {
    "totalExpeditions": 4,
    "lastExpedition": 1762818202323,
    "activeExpedition": {
      "partyId": "expedition_1082867940501749760_1762840012379",
      "isLeader": true
    }
  },
  "339772388566892546": {
    "totalExpeditions": 3,
    "lastExpedition": 1762818202323
  },
  "997313362998333540": {
    "totalExpeditions": 1,
    "lastExpedition": 1762551306664
  }
}