{
  "339772388566892546": {
    "items": {
      "silver": 1060883,
      "seal": 990,
      "saloon_token": 5020,
      "gold": 2
    },
    "weight": 108.139,
    "maxWeight": 500
  },
  "997313362998333540": {
    "items": {
      "silver": 1095000
    },
    "weight": 109.5,
    "maxWeight": 500
  },
  "1082867940501749760": {
    "items": {
      "seal": 360,
      "silver": 1549548,
      "saloon_token": 4999,
      "wheat": 9199,
      "honey": 27,
      "cattle": 10
    },
    "weight": 170.955,
    "maxWeight": 500
  },
  "1426344797421047838": {
    "items": {
      "silver": 50,
      "saloon_token": 5
    },
    "weight": 0.005,
    "maxWeight": 100
  },
  "1035158628920995860": {
    "items": {
      "silver": 550,
      "saloon_token": 5
    },
    "weight": 0.055,
    "maxWeight": 100
  }
}