{
  "339772388566892546": {
    "territories": [
      "gold_mine_shares",
      "saloon_business",
      "ranch"
    ],
    "purchaseHistory": [
      {
        "territoryId": "gold_mine_shares",
        "purchaseDate": 1762441489581,
        "pricePaid": 560000
      },
      {
        "territoryId": "saloon_business",
        "purchaseDate": 1762458531151,
        "pricePaid": 225000
      },
      {
        "territoryId": "ranch",
        "purchaseDate": 1762458581488,
        "pricePaid": 720000
      }
    ]
  },
  "997313362998333540": {
    "territories": [
      "ranch",
      "gold_mine_shares"
    ],
    "purchaseHistory": [
      {
        "territoryId": "ranch",
        "purchaseDate": 1762515437278,
        "pricePaid": 720000
      },
      {
        "territoryId": "gold_mine_shares",
        "purchaseDate": 1762515455996,
        "pricePaid": 560000
      }
    ]
  }
}