{
  "1426344797421047838": {
    "xp": 7,
    "level": 2,
    "lastMessageTimestamp": 1762839664581
  },
  "339772388566892546": {
    "xp": 869,
    "level": 11,
    "lastMessageTimestamp": 1762836415285
  },
  "1082867940501749760": {
    "xp": 1220,
    "level": 14,
    "lastMessageTimestamp": 1762840114618
  },
  "536016231547797534": {
    "xp": 18,
    "level": 0,
    "lastMessageTimestamp": 1762481463099
  },
  "614865048426250285": {
    "xp": 16,
    "level": 0,
    "lastMessageTimestamp": 1762484404250
  },
  "457889145105285132": {
    "xp": 23,
    "level": 0,
    "lastMessageTimestamp": 1762485776254
  },
  "1425264215454777364": {
    "xp": 10,
    "level": 1,
    "lastMessageTimestamp": 1762490057110
  },
  "997313362998333540": {
    "xp": 396,
    "level": 6,
    "lastMessageTimestamp": 1762856141028
  },
  "1421925413592240219": {
    "xp": 15,
    "level": 0,
    "lastMessageTimestamp": 1762535347797
  },
  "875935355327643689": {
    "xp": 18,
    "level": 0,
    "lastMessageTimestamp": 1762608993292
  },
  "1367287656945287178": {
    "xp": 41,
    "level": 0,
    "lastMessageTimestamp": 1762783090631
  },
  "1035158628920995860": {
    "xp": 10,
    "level": 1,
    "lastMessageTimestamp": 1762841339551
  }
}