{
  "1424880033423687887": {
    "channelId": "1424880035440885814",
    "message": "{\n  \"title\": \"🤠 Welcome!\",\n  \"description\": \"Welcome {@user} to **{server}**!\\n\\nYou are member **#{guild.size}**!\",\n  \"color\": 5865242,\n  \"thumbnail\": \"{user.avatar}\",\n  \"footer\": {\"text\": \"Enjoy the server!\", \"icon_url\": \"{guild.icon}\"}\n}",
    "image": null,
    "enabled": true,
    "updatedAt": 1762796318708
  },
  "1427120848258732138": {
    "channelId": "1437986362446839950",
    "message": "{\n  \"title\": \"🤠 Bem-vindo (a)!\",\n  \"description\": \"Olá {@user} to **{server}**!\\n\\nYou are member **#{guild.size}**!\",\n  \"color\": 5865242,\n  \"thumbnail\": \"{user.avatar}\",\n  \"footer\": {\"text\": \"Aproveite o servidor!  ✨\", \"icon_url\": \"{guild.icon}\"}\n}",
    "image": null,
    "enabled": true,
    "updatedAt": 1762913869227
  }
}